{"Version":1,"ManifestType":"Publish","Endpoints":[{"Route":"css/site.4izrlb1azy.css","AssetFile":"css/site.css","Selectors":[],"ResponseHeaders":[{"Name":"Accept-Ranges","Value":"bytes"},{"Name":"Cache-Control","Value":"max-age=31536000, immutable"},{"Name":"Content-Length","Value":"25104"},{"Name":"Content-Type","Value":"text/css"},{"Name":"ETag","Value":"\"fL0LUmG2c+9CJpFkInfiitcp8WCsmetaWexoasUNUEw=\""},{"Name":"Last-Modified","Value":"Tue, 04 Nov 2025 23:40:17 GMT"}],"EndpointProperties":[{"Name":"fingerprint","Value":"4izrlb1azy"},{"Name":"integrity","Value":"sha256-fL0LUmG2c+9CJpFkInfiitcp8WCsmetaWexoasUNUEw="},{"Name":"label","Value":"css/site.css"}]},{"Route":"css/site.css","AssetFile":"css/site.css","Selectors":[],"ResponseHeaders":[{"Name":"Accept-Ranges","Value":"bytes"},{"Name":"Cache-Control","Value":"no-cache"},{"Name":"Content-Length","Value":"25104"},{"Name":"Content-Type","Value":"text/css"},{"Name":"ETag","Value":"\"fL0LUmG2c+9CJpFkInfiitcp8WCsmetaWexoasUNUEw=\""},{"Name":"Last-Modified","Value":"Tue, 04 Nov 2025 23:40:17 GMT"}],"EndpointProperties":[{"Name":"integrity","Value":"sha256-fL0LUmG2c+9CJpFkInfiitcp8WCsmetaWexoasUNUEw="}]},{"Route":"uploads/mascotas/0b9acd17-7d9f-444b-b5c9-768fbbee022b_Image20251111225431.f5sgg90rpp.png","AssetFile":"uploads/mascotas/0b9acd17-7d9f-444b-b5c9-768fbbee022b_Image20251111225431.png","Selectors":[],"ResponseHeaders":[{"Name":"Accept-Ranges","Value":"bytes"},{"Name":"Cache-Control","Value":"max-age=31536000, immutable"},{"Name":"Content-Length","Value":"72970"},{"Name":"Content-Type","Value":"image/png"},{"Name":"ETag","Value":"\"g4aT+k+Y9qRo27j0rMC/zIMOSWyB7+Pn3IwbIJ2UlMg=\""},{"Name":"Last-Modified","Value":"Thu, 13 Nov 2025 00:01:24 GMT"}],"EndpointProperties":[{"Name":"fingerprint","Value":"f5sgg90rpp"},{"Name":"integrity","Value":"sha256-g4aT+k+Y9qRo27j0rMC/zIMOSWyB7+Pn3IwbIJ2UlMg="},{"Name":"label","Value":"uploads/mascotas/0b9acd17-7d9f-444b-b5c9-768fbbee022b_Image20251111225431.png"}]},{"Route":"uploads/mascotas/0b9acd17-7d9f-444b-b5c9-768fbbee022b_Image20251111225431.png","AssetFile":"uploads/mascotas/0b9acd17-7d9f-444b-b5c9-768fbbee022b_Image20251111225431.png","Selectors":[],"ResponseHeaders":[{"Name":"Accept-Ranges","Value":"bytes"},{"Name":"Cache-Control","Value":"no-cache"},{"Name":"Content-Length","Value":"72970"},{"Name":"Content-Type","Value":"image/png"},{"Name":"ETag","Value":"\"g4aT+k+Y9qRo27j0rMC/zIMOSWyB7+Pn3IwbIJ2UlMg=\""},{"Name":"Last-Modified","Value":"Thu, 13 Nov 2025 00:01:24 GMT"}],"EndpointProperties":[{"Name":"integrity","Value":"sha256-g4aT+k+Y9qRo27j0rMC/zIMOSWyB7+Pn3IwbIJ2UlMg="}]},{"Route":"uploads/mascotas/53849de4-72d1-4a4c-a68d-75c2635f9d32_Image20251111225431.f5sgg90rpp.png","AssetFile":"uploads/mascotas/53849de4-72d1-4a4c-a68d-75c2635f9d32_Image20251111225431.png","Selectors":[],"ResponseHeaders":[{"Name":"Accept-Ranges","Value":"bytes"},{"Name":"Cache-Control","Value":"max-age=31536000, immutable"},{"Name":"Content-Length","Value":"72970"},{"Name":"Content-Type","Value":"image/png"},{"Name":"ETag","Value":"\"g4aT+k+Y9qRo27j0rMC/zIMOSWyB7+Pn3IwbIJ2UlMg=\""},{"Name":"Last-Modified","Value":"Wed, 12 Nov 2025 23:44:37 GMT"}],"EndpointProperties":[{"Name":"fingerprint","Value":"f5sgg90rpp"},{"Name":"integrity","Value":"sha256-g4aT+k+Y9qRo27j0rMC/zIMOSWyB7+Pn3IwbIJ2UlMg="},{"Name":"label","Value":"uploads/mascotas/53849de4-72d1-4a4c-a68d-75c2635f9d32_Image20251111225431.png"}]},{"Route":"uploads/mascotas/53849de4-72d1-4a4c-a68d-75c2635f9d32_Image20251111225431.png","AssetFile":"uploads/mascotas/53849de4-72d1-4a4c-a68d-75c2635f9d32_Image20251111225431.png","Selectors":[],"ResponseHeaders":[{"Name":"Accept-Ranges","Value":"bytes"},{"Name":"Cache-Control","Value":"no-cache"},{"Name":"Content-Length","Value":"72970"},{"Name":"Content-Type","Value":"image/png"},{"Name":"ETag","Value":"\"g4aT+k+Y9qRo27j0rMC/zIMOSWyB7+Pn3IwbIJ2UlMg=\""},{"Name":"Last-Modified","Value":"Wed, 12 Nov 2025 23:44:37 GMT"}],"EndpointProperties":[{"Name":"integrity","Value":"sha256-g4aT+k+Y9qRo27j0rMC/zIMOSWyB7+Pn3IwbIJ2UlMg="}]},{"Route":"uploads/mascotas/642cc86f-9e43-46c7-abe7-6fe6007e973a_Image20251111225431.f5sgg90rpp.png","AssetFile":"uploads/mascotas/642cc86f-9e43-46c7-abe7-6fe6007e973a_Image20251111225431.png","Selectors":[],"ResponseHeaders":[{"Name":"Accept-Ranges","Value":"bytes"},{"Name":"Cache-Control","Value":"max-age=31536000, immutable"},{"Name":"Content-Length","Value":"72970"},{"Name":"Content-Type","Value":"image/png"},{"Name":"ETag","Value":"\"g4aT+k+Y9qRo27j0rMC/zIMOSWyB7+Pn3IwbIJ2UlMg=\""},{"Name":"Last-Modified","Value":"Wed, 12 Nov 2025 23:44:14 GMT"}],"EndpointProperties":[{"Name":"fingerprint","Value":"f5sgg90rpp"},{"Name":"integrity","Value":"sha256-g4aT+k+Y9qRo27j0rMC/zIMOSWyB7+Pn3IwbIJ2UlMg="},{"Name":"label","Value":"uploads/mascotas/642cc86f-9e43-46c7-abe7-6fe6007e973a_Image20251111225431.png"}]},{"Route":"uploads/mascotas/642cc86f-9e43-46c7-abe7-6fe6007e973a_Image20251111225431.png","AssetFile":"uploads/mascotas/642cc86f-9e43-46c7-abe7-6fe6007e973a_Image20251111225431.png","Selectors":[],"ResponseHeaders":[{"Name":"Accept-Ranges","Value":"bytes"},{"Name":"Cache-Control","Value":"no-cache"},{"Name":"Content-Length","Value":"72970"},{"Name":"Content-Type","Value":"image/png"},{"Name":"ETag","Value":"\"g4aT+k+Y9qRo27j0rMC/zIMOSWyB7+Pn3IwbIJ2UlMg=\""},{"Name":"Last-Modified","Value":"Wed, 12 Nov 2025 23:44:14 GMT"}],"EndpointProperties":[{"Name":"integrity","Value":"sha256-g4aT+k+Y9qRo27j0rMC/zIMOSWyB7+Pn3IwbIJ2UlMg="}]},{"Route":"uploads/mascotas/67bf274e-b6a7-424f-974e-d238a8bebb1a_Image20251111225431.f5sgg90rpp.png","AssetFile":"uploads/mascotas/67bf274e-b6a7-424f-974e-d238a8bebb1a_Image20251111225431.png","Selectors":[],"ResponseHeaders":[{"Name":"Accept-Ranges","Value":"bytes"},{"Name":"Cache-Control","Value":"max-age=31536000, immutable"},{"Name":"Content-Length","Value":"72970"},{"Name":"Content-Type","Value":"image/png"},{"Name":"ETag","Value":"\"g4aT+k+Y9qRo27j0rMC/zIMOSWyB7+Pn3IwbIJ2UlMg=\""},{"Name":"Last-Modified","Value":"Wed, 12 Nov 2025 23:02:37 GMT"}],"EndpointProperties":[{"Name":"fingerprint","Value":"f5sgg90rpp"},{"Name":"integrity","Value":"sha256-g4aT+k+Y9qRo27j0rMC/zIMOSWyB7+Pn3IwbIJ2UlMg="},{"Name":"label","Value":"uploads/mascotas/67bf274e-b6a7-424f-974e-d238a8bebb1a_Image20251111225431.png"}]},{"Route":"uploads/mascotas/67bf274e-b6a7-424f-974e-d238a8bebb1a_Image20251111225431.png","AssetFile":"uploads/mascotas/67bf274e-b6a7-424f-974e-d238a8bebb1a_Image20251111225431.png","Selectors":[],"ResponseHeaders":[{"Name":"Accept-Ranges","Value":"bytes"},{"Name":"Cache-Control","Value":"no-cache"},{"Name":"Content-Length","Value":"72970"},{"Name":"Content-Type","Value":"image/png"},{"Name":"ETag","Value":"\"g4aT+k+Y9qRo27j0rMC/zIMOSWyB7+Pn3IwbIJ2UlMg=\""},{"Name":"Last-Modified","Value":"Wed, 12 Nov 2025 23:02:37 GMT"}],"EndpointProperties":[{"Name":"integrity","Value":"sha256-g4aT+k+Y9qRo27j0rMC/zIMOSWyB7+Pn3IwbIJ2UlMg="}]},{"Route":"uploads/mascotas/72492407-061b-4b13-ae97-a545d4d4274f_Image20251111225431.f5sgg90rpp.png","AssetFile":"uploads/mascotas/72492407-061b-4b13-ae97-a545d4d4274f_Image20251111225431.png","Selectors":[],"ResponseHeaders":[{"Name":"Accept-Ranges","Value":"bytes"},{"Name":"Cache-Control","Value":"max-age=31536000, immutable"},{"Name":"Content-Length","Value":"72970"},{"Name":"Content-Type","Value":"image/png"},{"Name":"ETag","Value":"\"g4aT+k+Y9qRo27j0rMC/zIMOSWyB7+Pn3IwbIJ2UlMg=\""},{"Name":"Last-Modified","Value":"Wed, 12 Nov 2025 23:40:26 GMT"}],"EndpointProperties":[{"Name":"fingerprint","Value":"f5sgg90rpp"},{"Name":"integrity","Value":"sha256-g4aT+k+Y9qRo27j0rMC/zIMOSWyB7+Pn3IwbIJ2UlMg="},{"Name":"label","Value":"uploads/mascotas/72492407-061b-4b13-ae97-a545d4d4274f_Image20251111225431.png"}]},{"Route":"uploads/mascotas/72492407-061b-4b13-ae97-a545d4d4274f_Image20251111225431.png","AssetFile":"uploads/mascotas/72492407-061b-4b13-ae97-a545d4d4274f_Image20251111225431.png","Selectors":[],"ResponseHeaders":[{"Name":"Accept-Ranges","Value":"bytes"},{"Name":"Cache-Control","Value":"no-cache"},{"Name":"Content-Length","Value":"72970"},{"Name":"Content-Type","Value":"image/png"},{"Name":"ETag","Value":"\"g4aT+k+Y9qRo27j0rMC/zIMOSWyB7+Pn3IwbIJ2UlMg=\""},{"Name":"Last-Modified","Value":"Wed, 12 Nov 2025 23:40:26 GMT"}],"EndpointProperties":[{"Name":"integrity","Value":"sha256-g4aT+k+Y9qRo27j0rMC/zIMOSWyB7+Pn3IwbIJ2UlMg="}]},{"Route":"uploads/mascotas/87e3ee10-d07e-4403-95c0-d2e0fc7d2158_Image20251111225431.f5sgg90rpp.png","AssetFile":"uploads/mascotas/87e3ee10-d07e-4403-95c0-d2e0fc7d2158_Image20251111225431.png","Selectors":[],"ResponseHeaders":[{"Name":"Accept-Ranges","Value":"bytes"},{"Name":"Cache-Control","Value":"max-age=31536000, immutable"},{"Name":"Content-Length","Value":"72970"},{"Name":"Content-Type","Value":"image/png"},{"Name":"ETag","Value":"\"g4aT+k+Y9qRo27j0rMC/zIMOSWyB7+Pn3IwbIJ2UlMg=\""},{"Name":"Last-Modified","Value":"Wed, 12 Nov 2025 23:40:48 GMT"}],"EndpointProperties":[{"Name":"fingerprint","Value":"f5sgg90rpp"},{"Name":"integrity","Value":"sha256-g4aT+k+Y9qRo27j0rMC/zIMOSWyB7+Pn3IwbIJ2UlMg="},{"Name":"label","Value":"uploads/mascotas/87e3ee10-d07e-4403-95c0-d2e0fc7d2158_Image20251111225431.png"}]},{"Route":"uploads/mascotas/87e3ee10-d07e-4403-95c0-d2e0fc7d2158_Image20251111225431.png","AssetFile":"uploads/mascotas/87e3ee10-d07e-4403-95c0-d2e0fc7d2158_Image20251111225431.png","Selectors":[],"ResponseHeaders":[{"Name":"Accept-Ranges","Value":"bytes"},{"Name":"Cache-Control","Value":"no-cache"},{"Name":"Content-Length","Value":"72970"},{"Name":"Content-Type","Value":"image/png"},{"Name":"ETag","Value":"\"g4aT+k+Y9qRo27j0rMC/zIMOSWyB7+Pn3IwbIJ2UlMg=\""},{"Name":"Last-Modified","Value":"Wed, 12 Nov 2025 23:40:48 GMT"}],"EndpointProperties":[{"Name":"integrity","Value":"sha256-g4aT+k+Y9qRo27j0rMC/zIMOSWyB7+Pn3IwbIJ2UlMg="}]},{"Route":"uploads/mascotas/e23ba171-1053-4b2f-83ea-d7faab9529cc_Image20251111225431.f5sgg90rpp.png","AssetFile":"uploads/mascotas/e23ba171-1053-4b2f-83ea-d7faab9529cc_Image20251111225431.png","Selectors":[],"ResponseHeaders":[{"Name":"Accept-Ranges","Value":"bytes"},{"Name":"Cache-Control","Value":"max-age=31536000, immutable"},{"Name":"Content-Length","Value":"72970"},{"Name":"Content-Type","Value":"image/png"},{"Name":"ETag","Value":"\"g4aT+k+Y9qRo27j0rMC/zIMOSWyB7+Pn3IwbIJ2UlMg=\""},{"Name":"Last-Modified","Value":"Wed, 12 Nov 2025 23:02:15 GMT"}],"EndpointProperties":[{"Name":"fingerprint","Value":"f5sgg90rpp"},{"Name":"integrity","Value":"sha256-g4aT+k+Y9qRo27j0rMC/zIMOSWyB7+Pn3IwbIJ2UlMg="},{"Name":"label","Value":"uploads/mascotas/e23ba171-1053-4b2f-83ea-d7faab9529cc_Image20251111225431.png"}]},{"Route":"uploads/mascotas/e23ba171-1053-4b2f-83ea-d7faab9529cc_Image20251111225431.png","AssetFile":"uploads/mascotas/e23ba171-1053-4b2f-83ea-d7faab9529cc_Image20251111225431.png","Selectors":[],"ResponseHeaders":[{"Name":"Accept-Ranges","Value":"bytes"},{"Name":"Cache-Control","Value":"no-cache"},{"Name":"Content-Length","Value":"72970"},{"Name":"Content-Type","Value":"image/png"},{"Name":"ETag","Value":"\"g4aT+k+Y9qRo27j0rMC/zIMOSWyB7+Pn3IwbIJ2UlMg=\""},{"Name":"Last-Modified","Value":"Wed, 12 Nov 2025 23:02:15 GMT"}],"EndpointProperties":[{"Name":"integrity","Value":"sha256-g4aT+k+Y9qRo27j0rMC/zIMOSWyB7+Pn3IwbIJ2UlMg="}]}]}